<?xml version="1.0" encoding="ISO-8859-1"?>
<!-- Skin setup -->
<variables>
	<!-- Inside variables to define elements to load -->
	<add key="ImageTopLeft" value="resources/images/logos/Boltat-Vragu-Pomogat.png"/>
	<add key="Logo" value="resources/images/logos/logo.gif"/>
	<add key="BannerAccommodations" value="resources/images/banners/accommodations_it.gif"/>
	<add key="BannerServices" value=""/>
	<add key="Favicon" value="resources/images/favicons/favicon4.ico"/>
	<add key="bgsound" value=""/>
  <add key="SoundOnlyAtStartSession" value="true"/>
 	<add key="FolderIcons" value="48"/>
 	<add key="ButtonsWithIcons" value="false"/>
  <!-- Optional variables for replace in CSS file -->
	<add key="BackgroundColorPage" value="white"/>
	<add key="BackgroundImage" value=""/>
  	<add key="BackgroundRepeat" value=""/>
  	<add key="FontColor" value="black"/>
	<add key="FontFamily" value="verdana"/>
	<add key="FontSize" value="0.8em"/>
	
	<add key="BackgroundImageBox" value=""/>
 	<add key="BackgroundColorBox" value="white"/>
 	<add key="BorderColorBox" value="#6f8f68"/>
 	<add key="BackgroundColorButton" value="#bdf2b1"/>
	
	<add key="PointListMenu" value="resources/images/ListStyleImage/Boltat-Vragu-Pomogat.png"/>
	
	<add key="ColorLink" value="#9e1405"/>
	<add key="ColorVisitedLink" value="#b81706"/>

	<add key="ColorDark" value="#89b181"/>
	<add key="ColorBright" value="#c4fdb8"/>

	<add key="Pattern1" value=""/>

	<add key="ParRowColor" value="#edfcea"/><!-- Back Ground color for par box and box menu-->
	<add key="OddRowColor" value="#fbebeb"/><!-- Back Ground color for unpair box -->
	<add key="QuoteColor" value="white"/><!-- Back Ground color for quote -->

	<!-- Border of screen -->
	<add key="BodyMargin" value="10px"/>
	<add key="BodyBorderWidth" value="0px"/>
	<add key="BodyMarginInside" value="0px"/>

  <!-- Rounded element -->
  <add key="RoundedButton" value="8px"/>
  <add key="RoundedMenu" value="16px"/>
  
  <!-- shadow -->
  <add key="shadow" value="5px 5px 15px #000000"/>
  
  	<!-- Menu -->
	<add key="BorderMenu" value="2px outset"/>




</variables>
