<?xml version="1.0" encoding="ISO-8859-1"?>
<!-- Skin setup -->
<variables>
	<!-- Inside variables to define elements to load -->
	<add key="ImageTopLeft" value="resources/images/logos/gryphon-white.png"/>
	<add key="Logo" value="resources/images/logos/copyright.png"/>
	<add key="BannerAccommodations" value=""/>
	<add key="BannerServices" value=""/>
	<add key="Favicon" value="resources/images/favicons/favicon.ico"/>
	<add key="bgsound" value=""/>
  	<add key="SoundOnlyAtStartSession" value="true"/>
  	<add key="FolderIcons" value="48"/>
  	<add key="ButtonsWithIcons" value="false"/>
  <!-- Optional variables for replace in CSS file -->
	<add key="BackgroundColorPage" value="white"/>
	<add key="BackgroundImage" value=""/>
  <add key="BackgroundRepeat" value="repeat"/>
  <add key="FontColor" value="black"/>
	<add key="FontFamily" value="Verdana"/>
	<add key="FontSize" value="0.8em"/>
	
	<add key="BackgroundImageBox" value=""/>
 	<add key="BackgroundColorBox" value="#f3f3f3"/>
  <add key="BorderColorBox" value="#444444"/>
  <add key="BackgroundColorButton" value="#d8d8d8"/>

  <add key="PointListMenu" value="resources/images/ListStyleImage/1.gif"/>

  <add key="ColorLink" value="#222222"/>
  <add key="ColorVisitedLink" value="#442222"/>

  <add key="ColorDark" value="#888888"/>
	<add key="ColorBright" value="#eeeeee"/>

	<add key="Pattern1" value=""/>

	<add key="ParRowColor" value="#eaeaea"/><!-- Back Ground color for par box and box menu-->
	<add key="OddRowColor" value="#fafafa"/><!-- Back Ground color for unpair box -->
	<add key="QuoteColor" value="white"/><!-- Back Ground color for quote -->

	<!-- Border of screen -->
	<add key="BodyMargin" value="10px"/>
	<add key="BodyBorderWidth" value="0px"/>
	<add key="BodyMarginInside" value="0px"/>

  <!-- Rounded element -->
  <add key="RoundedButton" value="8px"/>
  <add key="RoundedMenu" value="16px"/>

  <!-- shadow -->
  <add key="shadow" value="5px 5px 15px #000000"/>
  
  	<!-- Menu -->
	<add key="BorderMenu" value="2px outset"/>



</variables>
